doi,title,year,journal,first_author,publication_date,community_archive,aadr_archive,minotaur_archive,nr_adna_samples
10.1016/j.jasrep.2025.105474,Ancient genomic evidence uncovers a 6th-century cross-border couple between South Asia and East Asia,2025,Journal of Archaeological Science: Reports,Panxin Du,2025-11-05,False,False,False,2
10.1038/s41586-025-09731-3,Eight millennia of continuity of a previously unknown lineage in Argentina,2025,Nature,Javier Maravall-López,2025-11-05,False,False,False,238
10.1126/sciadv.adu9625,Dynamic human admixture histories over the past ~1300 years at the northern Himalayan frontier,2025,Science Advances,Esha Bandyopadhyay,2025-10-29,False,False,False,8
10.1038/s41598-025-21522-4,Genome of an early Okhotsk individual reveals ancient admixture between Jomon and Kamchatka lineages,2025,Scientific Reports,Takehiro Sato,2025-10-27,False,False,False,1
10.1016/j.fsigen.2025.103381,"Murder in cold blood? Forensic and bioarchaeological identification of the skeletal remains of Béla, Duke of Macsó (c. 1245–1272)",2026,Forensic Science International: Genetics,Tamás Hajdu,2025-10-26,False,False,False,1
10.1016/j.cub.2025.09.047,Paratyphoid fever and relapsing fever in 1812 Napoleon's devastated army,2025,Current Biology,Rémi Barbieri,2025-10-24,False,False,False,13
10.1016/j.cell.2025.09.002,Long shared haplotypes identify the southern Urals as a primary source for the 10th-century Hungarians,2025,Cell,Balázs Gyuris,2025-10-16,False,False,False,131
10.1371/journal.pone.0333440,"Multidisciplinary study of human remains from the 3rd century mass grave in the Roman city of Mursa, Croatia",2025,PLOS One,Mario Novak,2025-10-15,False,False,False,7
10.1126/sciadv.adw8219,Ancient genomes from eastern Kazakhstan reveal dynamic genetic legacy of Inner Eurasian hunter-gatherers,2025,Science Advances,Haechan Gill,2025-10-15,False,False,False,21
10.1038/s41467-025-63743-1,Ancient DNA reveals the population interactions and a Neolithic patrilineal community in Northern Yangtze Region,2025,Nature Communications,Tingyu Yang,2025-09-30,False,False,False,58
10.1038/s41467-025-63789-1,Slab Grave expansion disrupted long co-existence of distinct Bronze Age herders in central Mongolia,2025,Nature Communications,Juhyeon Lee,2025-09-25,False,False,False,30
10.1038/s41586-025-09437-6,Ancient DNA connects large-scale migration with the spread of Slavs,2025,Nature,Joscha Gretzinger,2025-09-03,True,False,False,555
10.1186/s13059-025-03700-9,Ancient genomes provide evidence of demographic shift to Slavic-associated groups in Moravia,2025,Genome Biology,Ilektra Schulz,2025-09-03,False,False,False,18
10.1038/s42003-025-08668-7,Genomic insights from a final Bronze Age community buried in a collective tumulus in an Urnfield settlement in Northeastern Iberia,2025,Communications Biology,Marina Bretos Ezcurra,2025-08-28,False,False,False,24
10.1126/sciadv.adq9976,Local increases in admixture with hunter-gatherers followed the initial expansion of Neolithic farmers across continental Europe,2025,Science Advances,Alexandros Tsoupas,2025-08-20,False,False,False,0
10.1186/s13059-025-03707-2,"The genetic history of Portugal over the past 5,000 years",2025,Genome Biology,Xavier Roca-Rada,2025-08-18,False,False,False,67
10.15184/aqy.2025.10139,West African ancestry in seventh-century England: two individuals from Kent and Dorset,2025,Antiquity,Duncan Sayer,2025-08-13,False,False,False,2
10.1016/j.cell.2025.07.013,"The genetic history of the Southern Caucasus from the Bronze Age to the Early Middle Ages: 5,000 years of genetic continuity despite high mobility",2025,Cell,Eirini Skourtanioti,2025-08-07,True,False,False,230
10.1093/gbe/evaf149,A New Perspective on the Arrival of the Eastern Mediterranean Genetic Influx in Central Italy Before the Onset of the Roman Empire,2025,Genome Biology and Evolution,Francesco Ravasini,2025-07-26,False,False,False,1
10.1126/sciadv.ads8179,Genetic history of Scythia,2025,Science Advances,Tatiana V. Andreeva,2025-07-23,False,False,False,131
10.1016/j.cub.2025.06.054,Bronze and Iron Age genomes reveal the integration of diverse ancestries in the Tarim Basin,2025,Current Biology,Fan Zhang,2025-07-17,False,False,False,24
10.1016/j.isci.2025.113086,Archaeogenetics reveals fine-scale genetic continuity and patterns of kinship and health in medieval Finland,2025,iScience,Ulla Nordfors,2025-07-15,False,False,False,21
10.1038/s41467-025-61601-8,Genomic diversity and structure of prehistoric alpine individuals from the Tyrolean Iceman’s territory,2025,Nature Communications,Myriam Croze,2025-07-11,False,False,False,47
10.1038/s41586-025-09195-5,Whole-genome ancestry of an Old Kingdom Egyptian,2025,Nature,Adeline Morez Jacobs,2025-07-02,False,False,False,1
10.1038/s41586-025-09189-3,Ancient DNA reveals the prehistory of the Uralic and Yeniseian peoples,2025,Nature,Tian Chen Zeng,2025-07-02,False,False,False,195
10.1126/science.adr2915,Female lineages and changing kinship patterns in Neolithic Çatalhöyük,2025,Science,Eren Yüncü,2025-06-26,True,False,False,131
10.1126/science.adr3326,Out-of-Anatolia: Cultural and genetic interactions during the Neolithic expansion in the Aegean,2025,Science,Dilek Koptekin,2025-06-26,False,False,False,30
10.1038/s41467-025-60368-2,Ancient DNA reveals diverse community organizations in the 5th millennium BCE Carpathian Basin,2025,Nature Communications,Anna Szécsényi-Nagy,2025-06-24,False,False,False,125
10.1016/j.isci.2025.112871,"Genetic transitions in the Neolithic and Bronze Age at Mas d’en Boixos (Catalonia, Spain)",2025,iScience,Xavier Roca-Rada,2025-06-11,False,False,False,8
10.1016/j.cell.2025.05.009,Unveiling the origins and genetic makeup of the “forgotten people”: A study of the Sarmatian-period population in the Carpathian Basin,2025,Cell,Oszkár Schütz,2025-06-10,False,False,False,156
10.1038/s41586-025-09103-x,Ancient DNA reveals a two-clanned matrilineal community in Neolithic China,2025,Nature,Jincheng Wang,2025-06-04,False,False,False,60
10.1038/s41559-025-02710-x,"The impact of human dispersals and local interactions on the genetic diversity of coastal Papua New Guinea over the past 2,500 years",2025,Nature Ecology &amp; Evolution,Kathrin Nägele,2025-06-04,True,False,False,27
10.1126/science.adk5081,From North Asia to South America: Tracing the longest human migration through genomic sequencing,2025,Science,Elena S. Gusareva,2025-05-29,False,False,False,0
10.1186/s13059-025-03580-z,Urbanization and genetic homogenization in the medieval Low Countries revealed through a ten-century paleogenomic study of the city of Sint-Truiden,2025,Genome Biology,Owyn Beneker,2025-05-19,False,False,False,338
10.1038/s41598-025-99743-w,"Ancient DNA indicates 3,000 years of genetic continuity in the Northern Iranian Plateau, from the Copper Age to the Sassanid Empire",2025,Scientific Reports,Motahareh Ala Amjadi,2025-05-13,True,False,False,20
10.1186/s13059-025-03570-1,Medieval genomes from eastern Iberia illuminate the role of Morisco mass deportations in dismantling a long-standing genetic bridge with North Africa,2025,Genome Biology,Gonzalo Oteo-Garcia,2025-04-28,False,False,False,12
10.1038/s41586-025-08913-3,Punic people were genetically diverse with almost no Levantine ancestors,2025,Nature,Harald Ringbauer,2025-04-23,False,False,False,210
10.1038/s41586-025-08793-7,Ancient DNA from the Green Sahara reveals ancestral North African lineage,2025,Nature,Nada Salem,2025-04-04,False,False,False,2
10.1038/s41586-024-08531-5,The genetic origin of the Indo-Europeans,2025,Nature,Iosif Lazaridis,2025-02-05,True,False,False,354
10.1038/s41467-025-56555-w,East Asian Gene flow bridged by northern coastal populations over past 6000 years,2025,Nature Communications,Juncen Liu,2025-02-03,False,False,False,85
10.1038/s41586-024-08418-5,Ancient DNA reveals reproductive barrier despite shared Avar-period culture,2025,Nature,Ke Wang,2025-01-15,False,False,False,722
10.1038/s41586-024-08409-6,Continental influx and pervasive matrilocality in Iron Age Britain,2025,Nature,Lara M. Cassidy,2025-01-15,False,False,False,57
10.1126/sciadv.adr0695,North Pontic crossroads: Mobility in Ukraine from the Bronze Age to the early modern period,2025,Science Advances,Lehti Saag,2025-01-08,False,False,False,91
10.1073/pnas.2412355121,The genetic origins and impacts of historical Papuan migrations into Wallacea,2024,Proceedings of the National Academy of Sciences,Gludhug A. Purnomo,2024-12-17,False,False,False,0
10.1038/s41562-024-02034-z,Social and genetic diversity in first farmers of central Europe,2024,Nature Human Behaviour,Pere Gelabert,2024-11-29,False,True,False,250
10.1186/s12915-024-02068-9,Ancient genomes from the Tang Dynasty capital reveal the genetic legacy of trans-Eurasian communication at the eastern end of Silk Road,2024,BMC Biology,Minglei Lv,2024-11-20,False,False,False,7
10.1186/s13059-024-03430-4,The genomic portrait of the Picene culture provides new insights into the Italic Iron Age and the legacy of the Roman Empire in Central Italy,2024,Genome Biology,Francesco Ravasini,2024-11-20,True,False,False,102
10.1038/s41586-024-08113-5,The rise and transformation of Bronze Age pastoralists in the Caucasus,2024,Nature,Ayshin Ghalichi,2024-10-30,True,False,False,131
10.1101/2024.05.29.596386,Ancient genomes reveal Avar-Hungarian transformations in the 9th-10th centuries CE Carpathian Basin,2024,bioRxiv,Dániel Gerber,2024-10-28,False,True,False,1
10.1038/s41467-024-51150-x,"Life history and ancestry of the late Upper Palaeolithic infant from Grotta delle Mura, Italy",2024,Nature Communications,Owen Alexander Higgins,2024-09-20,True,False,False,1
10.1093/molbev/msae168,Low Genetic Impact of the Roman Occupation of Britain in Rural Communities,2024,Molecular Biology and Evolution,Christiana L Scheib,2024-09-13,False,False,False,52
10.1038/s41586-024-07881-4,Ancient Rapanui genomes reveal resilience and pre-European contact with the Americas,2024,Nature,J. Víctor Moreno-Mayar,2024-09-11,False,False,False,15
10.1016/j.xgen.2024.100593,Long genetic and social isolation in Neanderthals before their extinction,2024,Cell Genomics,Ludovic Slimak,2024-09-11,False,False,False,1
10.1126/sciadv.adp8625,"Five centuries of consanguinity, isolation, health, and conflict in Las Gobas: A Northern Medieval Iberian necropolis",2024,Science Advances,Ricardo Rodríguez-Varela,2024-08-28,False,False,False,33
10.1007/s12520-024-02050-0,"Bioarchaeological Perspectives on Late Antiquity in Dalmatia: Paleogenetic, Dietary, and Population Studies of the Hvar—Radošević burial site",2024,Archaeological and Anthropological Sciences,Brina Zagorc,2024-08-20,False,True,False,24
10.1016/j.cub.2024.07.063,Genomic dynamics of the Lower Yellow River Valley since the Early Neolithic,2024,Current Biology,Panxin Du,2024-08-14,False,False,False,69
10.15184/aqy.2024.94,"High levels of consanguinity in a child from Paquimé, Chihuahua, Mexico",2024,Antiquity,Jakob Sedig,2024-08-13,False,True,False,1
10.1038/s41467-024-51087-1,Human genetic structure in Northwest France provides new insights into West European historical demography,2024,Nature Communications,Isabel Alves,2024-08-07,False,False,False,6
10.1007/s12520-024-02036-y,Ancient genomes provide insights into the genetic history in the historical era of southwest China,2024,Archaeological and Anthropological Sciences,Fan Zhang,2024-07-17,False,True,False,14
10.1038/s41586-024-07651-2,Repeated plague infections across six generations of Neolithic Farmers,2024,Nature,Frederik Valeur Seersholm,2024-07-10,False,True,False,239
10.1073/pnas.2406734121,Capturing the fusion of two ancestries and kinship structures in Merovingian Flanders,2024,Proceedings of the National Academy of Sciences,Stefania Sasso,2024-06-24,False,False,True,48
10.1126/sciadv.adl2468,Late Neolithic collective burial reveals admixture dynamics during the third millennium BCE and the shaping of the European genome,2024,Science Advances,Oğuzhan Parasayan,2024-06-19,False,False,False,8
10.1038/s41586-024-07509-7,Ancient genomes reveal insights into ritual life at Chichén Itzá,2024,Nature,Rodrigo Barquera,2024-06-12,True,True,False,56
10.1038/s41562-024-01888-7,Evidence for dynastic succession among early Celtic elites in Central Europe,2024,Nature Human Behaviour,Joscha Gretzinger,2024-06-03,True,True,False,58
10.1038/s41598-024-61052-z,"Bioarchaeology aids the cultural understanding of six characters in search of their agency (Tarquinia, ninth–seventh century BC, central Italy)",2024,Scientific Reports,G. Bagnasco,2024-05-28,False,True,False,12
10.1038/s41586-024-07312-4,Network of large pedigrees reveals social practices of Avar communities,2024,Nature,Guido Alberto Gnecchi-Ruscone,2024-04-24,True,True,False,440
10.47248/hpgg2404010004,Medieval genomes from eastern Mongolia share a stable genetic profile over a millennium,2024,Human Population Genetics and Genomics,Juhyeon Lee,2024-03-01,False,True,False,9
10.1016/j.xgen.2024.100507,Ancient genomes illuminate Eastern Arabian population history and adaptation against malaria,2024,Cell Genomics,Rui Martiniano,2024-02-27,False,True,False,4
10.1073/pnas.2310545121,Genomic ancestry and social dynamics of the last hunter-gatherers of Atlantic France,2024,Proceedings of the National Academy of Sciences,Luciana G. Simões,2024-02-26,False,True,False,10
10.1038/s41598-024-54824-0,Biomolecular evidence for changing millet reliance in Late Bronze Age central Germany,2024,Scientific Reports,Eleftheria Orfanou,2024-02-22,False,False,False,0
10.1038/s41598-024-54462-6,Kinship practices at the early bronze age site of Leubingen in Central Germany,2024,Scientific Reports,Sandra Penske,2024-02-16,False,True,False,48
10.1038/s41559-024-02322-x,Medieval DNA from Soqotra points to Eurasian origins of an isolated population at the crossroads of Africa and Arabia,2024,Nature Ecology &amp; Evolution,Kendra Sirak,2024-02-08,False,False,False,39
10.7554/elife.79714,"Stable population structure in Europe since the Iron Age, despite high mobility",2024,eLife,Margaret L Antonio,2024-01-30,False,True,False,188
10.1126/sciadv.adi5903,Genetic history of Cambridgeshire before and after the Black Death,2024,Science Advances,Ruoyun Hui,2024-01-17,False,False,False,275
10.1038/s41586-023-06618-z,Elevated genetic risk for multiple sclerosis emerged in steppe pastoralist populations,2024,Nature,William Barrie,2024-01-10,False,True,False,85
10.1038/s41586-023-06865-0,Population genomics of post-glacial western Eurasia,2024,Nature,Morten E. Allentoft,2024-01-10,True,True,False,631
10.1038/s41467-023-44328-2,Genomic portrait and relatedness patterns of the Iron Age Log Coffin culture in northwestern Thailand,2023,Nature Communications,Selina Carlhoff,2023-12-22,True,True,False,33
10.1016/j.cell.2023.10.018,A genetic history of the Balkans from Roman frontier to Slavic migrations,2023,Cell,Iñigo Olalde,2023-12-07,False,True,True,141
10.1038/s41586-023-06771-5,Genetic continuity and change among the Indigenous peoples of California,2023,Nature,Nathan Nakatsuka,2023-11-22,True,True,False,119
10.1038/s41559-023-02211-9,"Genome sequences of 36,000- to 37,000-year-old modern humans at Buran-Kaya III in Crimea",2023,Nature Ecology &amp; Evolution,E. Andrew Bennett,2023-10-23,False,True,False,2
10.1016/j.ajhg.2023.08.001,The ancestry and geographical origins of St Helena’s liberated Africans,2023,The American Journal of Human Genetics,Marcela Sandoval-Velasco,2023-09-07,False,True,False,20
10.1073/pnas.2303574120,"Descent, marriage, and residence practices of a 3,800-year-old pastoral community in Central Eurasia",2023,Proceedings of the National Academy of Sciences,Jens Blöcher,2023-08-21,False,True,False,32
10.1038/s41559-023-02143-4,A genetic history of continuity and mobility in the Iron Age central Mediterranean,2023,Nature Ecology &amp; Evolution,Hannah M. Moots,2023-08-17,False,True,False,28
10.1016/j.xgen.2023.100377,High-coverage genome of the Tyrolean Iceman reveals unusually high Anatolian farmer ancestry,2023,Cell Genomics,Ke Wang,2023-08-16,False,True,False,1
10.1038/s41467-023-40198-w,The genomic history of the indigenous people of the Canary Islands,2023,Nature Communications,Javier G. Serrano,2023-08-15,False,False,False,40
10.1038/s42003-023-05131-3,"Genetic continuity, isolation, and gene flow in Stone Age Central and Eastern Europe",2023,Communications Biology,Tiina M. Mattila,2023-08-09,False,True,False,72
10.1093/molbev/msad182,Interdisciplinary Analyses of Bronze Age Communities from Western Hungary Reveal Complex Population Histories,2023,Molecular Biology and Evolution,Dániel Gerber,2023-08-09,False,False,False,21
10.1126/science.ade4995,The genetic legacy of African Americans from Catoctin Furnace,2023,Science,Éadaoin Harney,2023-08-08,False,True,False,27
10.1038/s41467-023-40072-9,Patrilocality and hunter-gatherer-related ancestry of populations in East-Central Europe during the Middle Bronze Age,2023,Nature Communications,Maciej Chyleński,2023-08-01,False,True,False,1
10.1038/s41559-023-02114-9,Genomic history of coastal societies from eastern South America,2023,Nature Ecology &amp; Evolution,Tiago Ferraz,2023-07-31,False,True,True,34
10.1038/s41586-023-06350-8,Extensive pedigrees reveal the social organization of a Neolithic community,2023,Nature,Maïté Rivollat,2023-07-26,True,True,False,32
10.1126/sciadv.adg3377,Insights into the genetic histories and lifeways of Machu Picchu’s occupants,2023,Science Advances,Lucy Salazar,2023-07-26,False,False,True,68
10.1186/s13059-023-03013-9,Genetic history of East-Central Europe in the first millennium CE,2023,Genome Biology,Ireneusz Stolarek,2023-07-24,False,True,False,294
10.1038/s41586-023-06334-8,Early contact between late farming and pastoralist societies in southeastern Europe,2023,Nature,Sandra Penske,2023-07-19,True,True,False,119
10.15184/aqy.2023.71,Investigating the prehistory of Luxembourg using ancient genomes,2023,Antiquity,Maxime Brami,2023-06-26,False,False,False,0
10.1371/journal.pone.0285449,Interactions between Trypillian farmers and North Pontic forager-pastoralists in Eneolithic central Ukraine,2023,PLOS ONE,Alexey G. Nikitin,2023-06-14,False,True,False,1
10.1038/s41586-023-06166-6,Northwest African Neolithic initiated by migrants from Iberia and Levant,2023,Nature,Luciana G. Simões,2023-06-07,False,True,False,9
10.1126/science.add6142,Demographic history and genetic structure in pre-Hispanic Central Mexico,2023,Science,Viridiana Villa-Islas,2023-05-11,True,True,True,12
10.1371/journal.pgen.1010360,"Imputed genomes and haplotype-based analyses of the Picts of early medieval Scotland reveal fine-scale relatedness between Iron Age, early medieval and the modern people of the UK",2023,PLOS Genetics,Adeline Morez,2023-04-27,False,False,False,2
10.7554/elife.85492,On the limits of fitting complex models of population history to f-statistics,2023,eLife,Robert Maier,2023-04-14,True,True,False,1
10.1016/j.isci.2023.106581,A paleogenome from a Holocene individual supports genetic continuity in Southeast Alaska,2023,iScience,Alber Aqil,2023-04-09,False,False,False,1
10.1038/s41586-023-05754-w,Entwined African and Asian genetic roots of medieval peoples of the Swahili coast,2023,Nature,Esther S. Brielle,2023-03-29,False,True,False,80
10.1038/s42003-023-04681-w,Genome-wide analysis of a collective grave from Mentesh Tepe provides insight into the population structure of early neolithic population in the South Caucasus,2023,Communications Biology,Perle Guarino-Vignon,2023-03-25,False,True,False,3
10.1016/j.cub.2023.02.041,Genomic analyses of hair from Ludwig van Beethoven,2023,Current Biology,Tristan James Alexander Begg,2023-03-22,False,True,False,2
10.1126/sciadv.add5582,Human genetic history on the Tibetan Plateau in the past 5100 years,2023,Science Advances,Hongru Wang,2023-03-17,False,True,False,90
10.1038/s41559-023-01987-0,"A 23,000-year-old southern Iberian individual links human groups that lived in Western Europe before and after the Last Glacial Maximum",2023,Nature Ecology &amp; Evolution,Vanessa Villalba-Mouco,2023-03-01,False,True,False,1
10.1038/s41586-023-05726-0,Palaeogenomics of Upper Palaeolithic to Neolithic European hunter-gatherers,2023,Nature,Cosimo Posth,2023-03-01,False,True,False,162
10.15184/aqy.2023.2,"Kinship practices in Early Iron Age South-east Europe: genetic and isotopic analysis of burials from the Dolge njive barrow cemetery, Dolenjska, Slovenia",2023,Antiquity,Ian Armit,2023-02-17,False,True,False,9
10.1073/pnas.2210611120,Isotopic and DNA analyses reveal multiscale PPNB mobility and migration across Southeastern Anatolia and the Southern Levant,2023,Proceedings of the National Academy of Sciences,Xiaoran Wang,2023-01-17,True,True,False,7
10.1038/s41559-022-01952-3,Ancient DNA reveals admixture history and endogamy in the prehistoric Aegean,2023,Nature Ecology &amp; Evolution,Eirini Skourtanioti,2023-01-16,True,False,False,103
10.1016/j.cub.2022.11.062,Middle Holocene Siberian genomes reveal highly connected gene pools throughout North Asia,2023,Current Biology,Ke Wang,2023-01-12,False,True,False,10
10.1016/j.cell.2022.11.024,The genetic history of Scandinavia from the Roman Iron Age to the present,2023,Cell,Ricardo Rodríguez-Varela,2023-01-05,False,True,True,158
10.1038/s41598-022-26799-3,Ancient DNA from Protohistoric Period Cambodia indicates that South Asians admixed with local populations as early as 1st–3rd centuries CE,2022,Scientific Reports,Piya Changmai,2022-12-29,False,True,False,1
10.1016/j.cub.2022.11.036,Genetic admixture and language shift in the medieval Volga-Oka interfluve,2023,Current Biology,Sanni Peltola,2022-12-12,True,True,True,31
10.1016/j.cub.2022.11.034,Spatial and temporal heterogeneity in human mobility patterns in Holocene Southwest Asia and the East Mediterranean,2023,Current Biology,Dilek Koptekin,2022-12-08,True,True,False,37
10.1038/s41598-022-25384-y,4000-year-old hair from the Middle Nile highlights unusual ancient DNA degradation pattern and a potential source of early eastern Africa pastoralists,2022,Scientific Reports,Ke Wang,2022-12-03,False,True,False,1
10.1016/j.cell.2022.11.002,Genome-wide data from medieval German Jews show that the Ashkenazi founder event pre-dated the 14th century,2022,Cell,Shamam Waldman,2022-11-30,False,True,False,33
10.1016/j.isci.2022.105636,Cultural and demic co-diffusion of Tubo Empire on Tibetan Plateau,2022,iScience,Kongyang Zhu,2022-11-22,False,True,False,10
10.1038/s42003-022-04190-2,"Genomic ancestry, diet and microbiomes of Upper Palaeolithic hunter-gatherers from San Teodoro cave",2022,Communications Biology,Gabriele Scorrano,2022-11-18,False,True,False,2
10.1126/sciadv.abo3609,A genomic snapshot of demographic and cultural dynamism in Upper Mesopotamia during the Neolithic Transition,2022,Science Advances,N. Ezgi Altınışık,2022-11-04,True,True,False,13
10.1038/s41559-022-01883-z,Dual ancestries and ecologies of the Late Glacial Palaeolithic in Britain,2022,Nature Ecology &amp; Evolution,Sophy Charlton,2022-10-24,False,False,False,2
10.1073/pnas.2205272119,The diverse genetic origins of a Classical period Greek army,2022,Proceedings of the National Academy of Sciences,Laurie J. Reitsema,2022-10-03,False,True,False,50
10.1038/s41586-022-05247-2,The Anglo-Saxon migration and the formation of the early English gene pool,2022,Nature,Joscha Gretzinger,2022-09-21,True,True,True,487
10.1016/j.cell.2022.08.004,High-coverage whole-genome sequencing of the expanded 1000 Genomes Project cohort including 602 trios,2022,Cell,Marta Byrska-Bishop,2022-09-01,False,True,False,0
10.1016/j.cub.2022.08.036,Genomes from a medieval mass burial show Ashkenazi-associated hereditary diseases pre-date the 12th century,2022,Current Biology,Selina Brace,2022-08-30,False,True,False,6
10.1086/720748,A Bioarchaeological Investigation of Fraternal Stillborn Twins from Tell el-Hesi,2022,Near Eastern Archaeology,Jaime Ullinger,2022-08-30,False,True,False,2
10.21203/rs.3.rs-1993191/v1,First ancient DNA analysis of mummies from the post-Scythian Oglakhty cemetery in South Siberia,2022,Research Square,Artem Nedoluzhko,2022-08-29,False,True,False,1
10.1126/science.abm4247,The genetic history of the Southern Arc: A bridge between West Asia and Europe,2022,Science,Iosif Lazaridis,2022-08-25,False,True,False,778
10.1016/j.cub.2022.06.016,A Late Pleistocene human genome from Southwest China,2022,Current Biology,Xiaoming Zhang,2022-07-14,False,True,False,1
10.15184/aqy.2022.79,Life and death in early colonial Campeche: new insights from ancient DNA,2022,Antiquity,Vera Tiesler,2022-07-13,False,True,False,10
10.1126/science.abm6536,Ancient DNA reveals five streams of migration into Micronesia and matrilocality in early Pacific seafarers,2022,Science,Yue-Chen Liu,2022-06-30,True,True,False,163
10.1016/j.cub.2022.06.004,"Northeastern Asian and Jomon-related genetic structure in the Three Kingdoms period of Gimhae, Korea",2022,Current Biology,Pere Gelabert,2022-06-21,False,True,False,8
10.1038/s41586-022-04800-3,The source of the Black Death in fourteenth-century central Eurasia,2022,Nature,Maria A. Spyrou,2022-06-15,False,True,False,7
10.1101/2022.06.12.495320,"Technical Report on Ancient DNA analysis of 27 African Americans from Catoctin Furnace, Maryland",2022,bioRxiv,Éadaoin Harney,2022-06-15,False,True,False,25
10.55465/gbvn3319,Een Merovingische nederzetting en grafveld aan de Vlaamse kust. Een toevalsvondst aan de Ter Duinenlaan te Koksijde. Eindverslag,2019,Onderzoeksrapporten agentschap Onroerend Erfgoed,Marc Dewilde,2022-06-14,False,False,True,0
10.1038/s41559-022-01775-2,Ancient genomes from the last three millennia support multiple human dispersals into Wallacea,2022,Nature Ecology &amp; Evolution,Sandra Oliveira,2022-06-09,False,True,False,16
10.1038/s42003-022-03508-4,Bioarchaeological evidence of one of the earliest Islamic burials in the Levant,2022,Communications Biology,Megha Srigyan,2022-06-07,False,True,False,2
10.1038/s41598-022-10899-1,Bioarchaeological and palaeogenomic portrait of two Pompeians that died during the eruption of Vesuvius in 79 AD,2022,Scientific Reports,Gabriele Scorrano,2022-05-26,False,True,False,1
10.1016/j.cub.2022.04.093,"The genetic origin of Huns, Avars, and conquering Hungarians",2022,Current Biology,Zoltán Maróti,2022-05-25,False,True,False,291
10.1016/j.cub.2022.04.069,Ancient Maltese genomes and the genetic geography of Neolithic Europe,2022,Current Biology,Bruno Ariano,2022-05-18,False,True,False,3
10.1093/molbev/msac108,Population Genetics and Signatures of Selection in Early Neolithic European Farmers,2022,Molecular Biology and Evolution,Ainash Childebayeva,2022-05-17,False,True,False,34
10.1016/j.cell.2022.04.008,The genomic origins of the world’s first farmers,2022,Cell,Nina Marchi,2022-05-12,False,True,False,15
10.1038/s41598-022-11117-8,Genomes from Verteba cave suggest diversity within the Trypillians in Ukraine,2022,Scientific Reports,Pere Gelabert,2022-05-04,False,True,False,19
10.1073/pnas.2120786119,Ancient DNA gives new insights into a Norman Neolithic monumental cemetery dedicated to male elites,2022,Proceedings of the National Academy of Sciences,Maïté Rivollat,2022-04-21,False,True,False,5
10.1093/pnasnexus/pgac047,The genomic prehistory of the Indigenous peoples of Uruguay,2022,PNAS Nexus,John Lindo,2022-04-21,False,True,False,2
10.1016/j.isci.2022.104244,Genomic and dietary discontinuities during the Mesolithic and Neolithic in Sicily,2022,iScience,He Yu,2022-04-12,True,True,False,20
10.1016/j.cell.2022.03.007,Ancient genomes reveal origin and rapid trans-Eurasian migration of 7th century Avar elites,2022,Cell,Guido Alberto Gnecchi-Ruscone,2022-04-01,False,True,False,66
10.1126/science.abk1534,Bronze and Iron Age population movements underlie Xinjiang population history,2022,Science,Vikas Kumar,2022-03-31,True,True,False,202
10.1038/s41467-022-29158-y,South-to-north migration preceded the advent of intensive farming in the Maya region,2022,Nature Communications,Douglas J. Kennett,2022-03-22,False,True,True,21
10.1016/j.isci.2022.104094,Origin and mobility of Iron Age Gaulish groups in present-day France revealed through archaeogenomics,2022,iScience,Claire-Elise Fischer,2022-03-16,False,True,True,48
10.1038/s41467-022-28827-2,Ancient genomes from the Himalayas illuminate the genetic history of Tibetans and their Tibeto-Burman speaking neighbors,2022,Nature Communications,Chi-Chun Liu,2022-03-08,False,True,False,38
10.1126/science.abi8264,A unified genealogy of modern and ancient genomes,2022,Science,Anthony Wilder Wohns,2022-02-24,False,True,False,8
10.1038/s41586-022-04430-9,Ancient DNA and deep population structure in sub-Saharan African foragers,2022,Nature,Mark Lipson,2022-02-23,False,True,False,24
10.1371/journal.pgen.1010036,Indian genetic heritage in Southeast Asian populations,2022,PLOS Genetics,Piya Changmai,2022-02-17,False,True,False,0
10.1073/pnas.2108001119,Ancient DNA at the edge of the world: Continental immigration and the persistence of Neolithic male lineages in Bronze Age Orkney,2022,Proceedings of the National Academy of Sciences,Katharina Dulias,2022-02-07,False,True,False,37
10.1093/molbev/msac014,The Genetic Origin of Daunians and the Pan-Mediterranean Southern Italian Iron Age Context,2022,Molecular Biology and Evolution,Serena Aneli,2022-01-13,False,True,False,16
10.3390/genes13010136,"First Glimpse into the Genomic Characterization of People from the Imperial Roman Community of Casal Bertone (Rome, First–Third Centuries AD)",2022,Genes,Flavio De Angelis,2022-01-13,False,True,False,5
10.1038/s41586-021-04241-4,A high-resolution picture of kinship practices in an Early Neolithic tomb,2022,Nature,Chris Fowler,2021-12-22,False,True,False,62
10.1038/s41586-021-04287-4,Large-scale migration into Britain during the Middle to Late Bronze Age,2022,Nature,Nick Patterson,2021-12-22,True,True,False,793
10.1038/s41467-021-27356-8,Social stratification without genetic differentiation at the site of Kulubnarti in Christian Period Nubia,2021,Nature Communications,Kendra A. Sirak,2021-12-14,False,True,False,66
10.1093/molbev/msab351,"Ancient Human Genomes and Environmental DNA from the Cement Attaching 2,000-Year-Old Head Lice Nits",2022,Molecular Biology and Evolution,Mikkel W Pedersen,2021-12-06,False,False,False,9
10.1126/sciadv.abi7038,Genomic transformation and social organization during the Copper Age–Bronze Age transition in southern Iberia,2021,Science Advances,Vanessa Villalba-Mouco,2021-11-17,False,True,False,136
10.1038/s41586-021-04108-8,Triangulation supports agricultural spread of the Transeurasian languages,2021,Nature,Martine Robbeets,2021-11-10,False,True,False,18
10.1038/s41586-021-04052-7,The genomic origins of the Bronze Age Tarim Basin mummies,2021,Nature,Fan Zhang,2021-10-27,False,True,False,18
10.1126/sciadv.abg7261,Ancient genomes reveal long-range influence of the pre-Columbian culture and site of Tiwanaku,2021,Science Advances,Danijela Popović,2021-09-24,True,True,False,17
10.1126/sciadv.abi7673,The origin and legacy of the Etruscans through a 2000-year archeogenomic time transect,2021,Science Advances,Cosimo Posth,2021-09-24,True,True,False,81
10.1126/sciadv.abh2419,Ancient genomics reveals tripartite origins of Japanese populations,2021,Science Advances,Niall P. Cooke,2021-09-17,False,True,False,12
10.1038/s41598-021-95996-3,"Biomolecular insights into North African-related ancestry, mobility and diet in eleventh-century Al-Andalus",2021,Scientific Reports,Marina Silva,2021-09-13,True,True,False,1
10.1038/s41586-021-03823-6,Genome of a middle Holocene hunter-gatherer from Wallacea,2021,Nature,Selina Carlhoff,2021-08-25,True,True,True,1
10.1126/sciadv.abi6941,Dynamic changes in genomic and social structures in third millennium BCE central Europe,2021,Science Advances,Luka Papac,2021-08-25,True,True,True,283
10.1038/s41598-021-94932-9,Reconstructing genetic histories and social organisation in Neolithic and Bronze Age Croatia,2021,Scientific Reports,Suzanne Freilich,2021-08-18,True,True,False,28
10.1093/gbe/evab192,Whole-Genome Sequencing of a 900-Year-Old Human Skeleton Supports Two Past Migration Events from the Russian Far East to Northern Japan,2021,Genome Biology and Evolution,Takehiro Sato,2021-08-18,False,True,False,2
10.1016/j.ajhg.2021.07.012,Patterns of genetic connectedness between modern and medieval Estonian genomes reveal the origins of a major ancestry component of the Finnish population,2021,The American Journal of Human Genetics,Toomas Kivisild,2021-08-18,False,False,False,3
10.1093/molbev/msab216,Genetic Continuity of Bronze Age Ancestry with Increased Steppe-Related Ancestry in Late Iron Age Uzbekistan,2021,Molecular Biology and Evolution,Vikas Kumar,2021-07-27,False,True,False,26
10.1016/j.cub.2021.06.023,"Genome-scale sequencing and analysis of human, wolf, and bison DNA from 25,000-year-old sediment",2021,Current Biology,Pere Gelabert,2021-07-12,False,False,False,1
10.1371/journal.pone.0241883,"Human mobility at Tell Atchana (Alalakh), Hatay, Turkey during the 2nd millennium BC: Integration of isotopic and genomic evidence",2021,PLOS ONE,Tara Ingman,2021-06-30,False,True,False,11
10.1016/j.celrep.2021.109278,"A 5,000-year-old hunter-gatherer already plagued by Yersinia pestis",2021,Cell Reports,Julian Susat,2021-06-29,False,False,False,1
10.1016/j.cell.2021.05.018,"Human population history at the crossroads of East and Southeast Asia since 11,000 years ago",2021,Cell,Tianyi Wang,2021-06-24,False,True,False,31
10.1016/j.cell.2021.04.040,The deep population history of northern East Asia from the Late Pleistocene to the Holocene,2021,Cell,Xiaowei Mao,2021-05-27,True,True,False,25
10.1016/j.cub.2021.04.045,Genome of Peştera Muierii skull shows high diversity and low mutational load in pre-glacial Europe,2021,Current Biology,Emma Svensson,2021-05-18,True,True,False,2
10.1038/s41598-021-89090-x,Ancient genomes provide insights into family structure and the heredity of social status in the early Bronze Age of southeastern Europe,2021,Scientific Reports,A. Žegarac,2021-05-12,True,True,False,24
10.1016/j.cub.2021.04.022,Ancient genomes reveal structural shifts after the arrival of Steppe-related ancestry in the Italian Peninsula,2021,Current Biology,Tina Saupe,2021-05-10,True,True,False,11
10.1016/j.cell.2021.03.039,The genomic history of the Aegean palatial civilizations,2021,Cell,Florian Clemente,2021-04-29,True,True,False,6
10.1016/j.cub.2021.03.078,Early Alpine occupation backdates westward human migration in Late Glacial Europe,2021,Current Biology,Eugenio Bortolini,2021-04-21,True,True,False,1
10.1016/j.cub.2021.03.050,Variable kinship patterns in Neolithic Anatolia revealed by ancient genomes,2021,Current Biology,Reyhan Yaka,2021-04-15,True,True,True,21
10.1038/s41559-021-01443-x,"A genome sequence from a modern human skull over 45,000 years old from Zlatý kůň in Czechia",2021,Nature Ecology &amp; Evolution,Kay Prüfer,2021-04-07,False,True,False,1
10.1038/s41586-021-03335-3,Initial Upper Palaeolithic humans in Europe had recent Neanderthal ancestry,2021,Nature,Mateja Hajdinjak,2021-04-07,False,True,False,14
10.1016/j.isci.2021.102383,No particular genomic features underpin the dramatic economic consequences of 17th century plague epidemics in Italy,2021,iScience,Andaine Seguin-Orlando,2021-04-01,False,True,False,10
10.1126/sciadv.abe4414,Ancient genomic time transect from the Central Asian Steppe unravels the history of the Scythians,2021,Science Advances,Guido Alberto Gnecchi-Ruscone,2021-03-26,True,True,False,117
10.1016/j.cell.2021.02.040,Archaeogenomic distinctiveness of the Isthmo-Colombian area,2021,Cell,Marco Rosario Capodiferro,2021-03-23,True,True,False,16
10.1073/pnas.2026132118,"Multiple migrations to the Philippines during the last 50,000 years",2021,Proceedings of the National Academy of Sciences,Maximilian Larena,2021-03-22,True,True,False,2
10.1371/journal.pone.0247332,Genome-wide analysis of nearly all the victims of a 6200 year old massacre,2021,PLOS ONE,Mario Novak,2021-03-10,True,True,False,38
10.1038/s41586-021-03336-2,Genomic insights into the formation of human populations in East Asia,2021,Nature,Chuan-Chao Wang,2021-02-22,True,True,False,191
10.1101/gr.267534.120,A minimally destructive protocol for DNA extraction from ancient teeth,2021,Genome Research,Éadaoin Harney,2021-02-17,True,True,False,16
10.1038/s42003-020-01627-4,Genome-wide study of a Neolithic Wartberg grave community reveals distinct HLA variation and hunter-gatherer ancestry,2021,Communications Biology,Alexander Immel,2021-01-25,False,True,False,40
10.1126/sciadv.abd6535,Genetic ancestry changes in Stone to Bronze Age transition in the East European plain,2021,Science Advances,Lehti Saag,2021-01-20,True,True,True,29
10.1371/journal.pone.0244872,Genomic Steppe ancestry in skeletons from the Neolithic Single Grave Culture in Denmark,2021,PLOS ONE,Anne Friis-Holm Egfjord,2021-01-14,True,True,False,3
10.1016/j.cub.2020.12.015,Heterogeneous Hunter-Gatherer and Steppe-Related Ancestries in Late Neolithic and Bell Beaker Genomes from Present-Day France,2021,Current Biology,Andaine Seguin-Orlando,2021-01-13,True,True,False,25
10.1126/sciadv.abc4587,"Human population dynamics and
            <i>Yersinia pestis</i>
            in ancient northeast Asia",2021,Science Advances,Gülşah Merve Kılınç,2021-01-06,True,True,False,40
10.1038/s41586-020-03053-2,A genetic history of the pre-contact Caribbean,2021,Nature,Daniel M. Fernandes,2020-12-23,True,True,False,174
10.1073/pnas.2022112118,Ancient DNA from Guam and the peopling of the Pacific,2021,Proceedings of the National Academy of Sciences,Irina Pugach,2020-12-23,True,True,False,2
10.1038/s41598-020-78723-2,"A biomolecular anthropological investigation of William Adams, the first SAMURAI from England",2020,Scientific Reports,Fuzuki Mizuno,2020-12-10,False,False,False,1
10.1371/journal.pone.0241278,"Kinship and social organization in Copper Age Europe. A cross-disciplinary analysis of archaeology, DNA, isotopes, and anthropology from two Bell Beaker cemeteries",2020,PLOS ONE,Karl-Göran Sjögren,2020-11-16,False,True,False,12
10.1038/s42003-020-01372-8,Ancient DNA reveals monozygotic newborn twins from the Upper Palaeolithic,2020,Communications Biology,Maria Teschler-Nicola,2020-11-06,True,True,False,3
10.1016/j.cell.2020.10.015,"A Dynamic 6,000-Year Genetic History of Eurasia’s Eastern Steppe",2020,Cell,Choongwon Jeong,2020-11-05,True,True,False,194
10.1038/s41598-020-75910-z,Early medieval genetic data from Ural region evaluated in the light of archaeological evidence of ancient Hungarians,2020,Scientific Reports,Veronika Csáky,2020-11-05,False,True,False,45
10.2144/btn-2020-0100,Comparison of Target Enrichment Strategies for Ancient Pathogen DNA,2020,BioTechniques,Anja Furtwängler,2020-11-02,False,True,False,98
10.1126/science.abc1166,Denisovan ancestry and population history of early East Asians,2020,Science,Diyendo Massilani,2020-10-29,True,True,False,1
10.1038/s41598-020-75163-w,A systematic investigation of human DNA preservation in medieval skeletons,2020,Scientific Reports,Cody Parker,2020-10-26,False,False,False,11
10.1016/j.cub.2020.09.035,Three Phases of Ancient Migration Shaped the Ancestry of Human Populations in Vanuatu,2020,Current Biology,Mark Lipson,2020-10-15,False,True,False,12
10.1038/s41586-020-2688-8,Population genomics of the Viking world,2020,Nature,Ashot Margaryan,2020-09-17,True,True,True,442
10.1016/j.cub.2020.08.033,"Low Prevalence of Lactase Persistence in Bronze Age Europe Indicates Ongoing Strong Selection over the Last 3,000 Years",2020,Current Biology,Joachim Burger,2020-09-03,True,True,False,19
10.1038/s41467-020-17656-w,Ancient genomes in South Patagonia reveal population movements associated with technological shifts and geography,2020,Nature Communications,Nathan Nakatsuka,2020-08-03,True,True,False,20
10.1073/pnas.2005965117,Integration of ancient DNA with transdisciplinary dataset finds strong support for Inca resettlement in the south Peruvian coast,2020,Proceedings of the National Academy of Sciences,Jacob L. Bongers,2020-07-14,True,True,True,12
10.1038/s41586-020-2378-6,A dynastic elite in monumental Neolithic society,2020,Nature,Lara M. Cassidy,2020-06-17,True,True,False,44
10.1073/pnas.2004944117,A high-coverage Neandertal genome from Chagyrskaya Cave,2020,Proceedings of the National Academy of Sciences,Fabrizio Mafessoni,2020-06-16,True,True,False,1
10.1126/sciadv.aaz0183,"Ancient genomes reveal complex patterns of population movement, interaction, and replacement in sub-Saharan Africa",2020,Science Advances,Ke Wang,2020-06-12,True,True,False,19
10.1002/ajpa.24079,The Neolithic Pitted Ware culture foragers were culturally but not genetically influenced by the Battle Axe culture herders,2020,American Journal of Physical Anthropology,Alexandra Coutinho,2020-06-04,True,True,False,34
10.1126/science.aba8697,Genomic insights into the early peopling of the Caribbean,2020,Science,Kathrin Nägele,2020-06-04,True,True,True,93
10.1038/s41467-020-16557-2,Ancient genomes from northern China suggest links between subsistence changes and human migration,2020,Nature Communications,Chao Ning,2020-06-01,True,True,False,55
10.1126/sciadv.aaz5344,Ancient genome-wide DNA from France highlights the complexity of interactions between Mesolithic hunter-gatherers and Neolithic farmers,2020,Science Advances,Maïté Rivollat,2020-05-29,True,True,False,101
10.1016/j.ajhg.2020.05.008,"A Genetic History of the Near East from an aDNA Time Course Sampling Eight Points in the Past 4,000 Years",2020,The American Journal of Human Genetics,Marc Haber,2020-05-28,True,True,False,19
10.1016/j.cell.2020.04.024,The Genomic History of the Bronze Age Southern Levant,2020,Cell,Lily Agranat-Tamir,2020-05-28,True,True,False,72
10.1016/j.cell.2020.04.044,"Genomic History of Neolithic to Bronze Age Anatolia, Northern Levant, and Southern Caucasus",2020,Cell,Eirini Skourtanioti,2020-05-28,True,True,False,110
10.1073/pnas.1918034117,"Ancient genomes from present-day France unveil 7,000 years of its demographic history",2020,Proceedings of the National Academy of Sciences,Samantha Brunel,2020-05-26,True,True,False,58
10.1016/j.cell.2020.04.037,Paleolithic to Bronze Age Siberians Reveal Connections with First Americans and across Eurasia,2020,Cell,He Yu,2020-05-20,True,True,False,31
10.1126/science.aba0909,Ancient DNA indicates human population shifts and admixture in northern and southern China,2020,Science,Melinda A. Yang,2020-05-14,True,True,False,24
10.1016/j.cell.2020.04.015,A Paleogenomic Reconstruction of the Deep Population History of the Andes,2020,Cell,Nathan Nakatsuka,2020-05-07,True,True,False,60
10.1016/j.cub.2020.04.002,Origin and Health Status of First-Generation Africans from Early Colonial Mexico,2020,Current Biology,Rodrigo Barquera,2020-04-30,True,True,False,3
10.1038/s41467-020-15560-x,Ancient genomes reveal social and genetic structure of Late Neolithic Switzerland,2020,Nature Communications,Anja Furtwängler,2020-04-20,True,False,False,96
10.1038/s41598-020-63138-w,Corded Ware cultural complexity uncovered using genomic and isotopic analysis from south-eastern Poland,2020,Scientific Reports,Anna Linderholm,2020-04-17,True,True,False,19
10.1126/science.aay5012,Insights into human genetic variation and population history from 929 diverse genomes,2020,Science,Anders Bergström,2020-03-19,True,True,False,0
10.1038/s41598-020-61190-0,Gene-flow from steppe individuals into Cucuteni-Trypillia associated populations indicates long-standing contacts and gradual admixture,2020,Scientific Reports,Alexander Immel,2020-03-06,True,True,False,3
10.1038/s41467-020-15020-6,Differential DNA methylation of vocal and facial anatomy genes in modern humans,2020,Nature Communications,David Gokhman,2020-03-04,True,True,False,2
10.1038/s41467-020-14523-6,Genetic history from the Middle Neolithic to present on the Mediterranean island of Sardinia,2020,Nature Communications,Joseph H. Marcus,2020-02-24,True,True,False,70
10.1038/s41559-020-1102-0,The spread of steppe and Iranian-related ancestry in the islands of the western Mediterranean,2020,Nature Ecology &amp; Evolution,Daniel M. Fernandes,2020-02-24,True,True,False,62
10.1038/s41586-020-1929-1,Ancient West African foragers in the context of African population history,2020,Nature,Mark Lipson,2020-01-22,True,True,False,7
10.1038/s41598-019-56029-2,Interactions between earliest Linearbandkeramik farmers and central European hunter gatherers at the dawn of European Neolithization,2019,Scientific Reports,Alexey G. Nikitin,2019-12-20,True,True,False,2
10.1038/s41467-019-13549-9,A 5700 year-old human genome and oral microbiome from chewed birch pitch,2019,Nature Communications,Theis Z. T. Jensen,2019-12-17,False,True,False,1
10.1093/molbev/msz267,Ancient DNA Reconstructs the Genetic Legacies of Precontact Puerto Rico Communities,2020,Molecular Biology and Evolution,Maria A Nieves-Colón,2019-11-08,True,True,False,2
10.1126/science.aay6826,Ancient Rome: A genetic crossroads of Europe and the Mediterranean,2019,Science,Margaret L. Antonio,2019-11-08,True,True,False,133
10.1126/science.aax6219,Kinship-based social inequality in Bronze Age Europe,2019,Science,Alissa Mittnik,2019-10-10,True,True,False,122
10.1098/rspb.2019.1528,The genomic ancestry of the Scandinavian Battle Axe Culture people and their relation to the broader Corded Ware horizon,2019,Proceedings of the Royal Society B: Biological Sciences,Helena Malmström,2019-10-09,True,True,False,11
10.1126/science.aat7487,The formation of human populations in South and Central Asia,2019,Science,Vagheesh M. Narasimhan,2019-09-05,True,True,False,542
10.1016/j.cell.2019.08.048,An Ancient Harappan Genome Lacks Ancestry from Steppe Pastoralists or Iranian Farmers,2019,Cell,Vasant Shinde,2019-09-05,True,True,False,1
10.1038/s41467-019-11357-9,Ancient DNA from the skeletons of Roopkund Lake reveals Mediterranean migrants in India,2019,Nature Communications,Éadaoin Harney,2019-08-20,True,True,False,38
10.1016/j.cub.2019.06.044,Ancient Genomes Reveal Yamnaya-Related Ancestry and a Potential Source of Indo-European Speakers in Iron Age Tianshan,2019,Current Biology,Chao Ning,2019-07-25,True,True,False,11
10.1016/j.cub.2019.06.019,Shifts in the Genetic Landscape of the Western Eurasian Steppe Associated with the Beginning and End of the Scythian Dominance,2019,Current Biology,Mari Järve,2019-07-11,True,True,False,31
10.1126/sciadv.aax0061,Ancient DNA sheds light on the genetic origins of early Iron Age Philistines,2019,Science Advances,Michal Feldman,2019-07-03,True,True,False,10
10.1080/03014460.2019.1623912,East Anglian early Neolithic monument burial linked to contemporary Megaliths,2019,Annals of Human Biology,Christiana L. Scheib,2019-06-11,False,True,False,2
10.1038/s41586-019-1251-y,Palaeo-Eskimo genetic ancestry and the peopling of Chukotka and North America,2019,Nature,Pavel Flegontov,2019-06-05,True,True,False,49
10.1038/s41586-019-1279-z,The population history of northeastern Siberia since the Pleistocene,2019,Nature,Martin Sikora,2019-06-05,True,True,False,30
10.1126/science.aaw6275,Ancient DNA reveals a multistep spread of the first herders into sub-Saharan Africa,2019,Science,Mary E. Prendergast,2019-05-30,True,True,False,43
10.1073/pnas.1820210116,"Unraveling ancestry, kinship, and violence in a Late Neolithic mass grave",2019,Proceedings of the National Academy of Sciences,Hannes Schroeder,2019-05-14,True,True,False,24
10.1016/j.cub.2019.04.026,The Arrival of Siberian Ancestry Connecting the Eastern Baltic to Uralic Speakers further East,2019,Current Biology,Lehti Saag,2019-05-09,True,True,False,43
10.1038/s41559-019-0878-2,The genetic history of admixture across inner Eurasia,2019,Nature Ecology &amp; Evolution,Choongwon Jeong,2019-04-29,True,True,False,2
10.1016/j.ajhg.2019.03.015,A Transient Pulse of Genetic Admixture from the Crusaders in the Near East Identified from Ancient Genome Sequences,2019,The American Journal of Human Genetics,Marc Haber,2019-04-18,True,True,False,13
10.1073/pnas.1818037116,Megalithic tombs in western and northern Neolithic Europe were linked to a kindred society,2019,Proceedings of the National Academy of Sciences,Federico Sánchez-Quinto,2019-04-18,True,True,False,23
10.1038/s41467-019-09209-7,Late Pleistocene human genome suggests a local origin for the first farmers of central Anatolia,2019,Nature Communications,Michal Feldman,2019-04-16,True,True,False,8
10.1038/s41559-019-0871-9,Ancient genomes indicate population replacement in Early Neolithic Britain,2019,Nature Ecology &amp; Evolution,Selina Brace,2019-04-15,True,True,False,70
10.1016/j.cell.2019.02.035,Multiple Deeply Divergent Denisovan Ancestries in Papuans,2019,Cell,Guy S. Jacobs,2019-04-11,False,True,False,0
10.1126/science.aav4040,The genomic history of the Iberian Peninsula over the past 8000 years,2019,Science,Iñigo Olalde,2019-03-14,True,True,False,277
10.1016/j.cub.2019.02.006,Survival of Late Pleistocene Hunter-Gatherer Ancestry in the Iberian Peninsula,2019,Current Biology,Vanessa Villalba-Mouco,2019-03-14,True,True,False,12
10.1038/s41431-019-0361-1,People from Ibiza: an unexpected isolate in the Western Mediterranean,2019,European Journal of Human Genetics,Simone Andrea Biagini,2019-02-14,True,True,False,1
10.1038/s41467-018-08220-8,Ancient human genome-wide data from a 3000-year interval in the Caucasus corresponds with eco-geographic regions,2019,Nature Communications,Chuan-Chao Wang,2019-02-04,True,True,False,49
10.1098/rspb.2018.2288,A western route of prehistoric human migration from Africa into the Iberian Peninsula,2019,Proceedings of the Royal Society B: Biological Sciences,G. González-Fortes,2019-01-23,True,True,False,4
10.1126/sciadv.aau5064,Ancient nuclear genomes enable repatriation of Indigenous human remains,2018,Science Advances,Joanne L. Wright,2018-12-20,False,True,False,9
10.1038/s41598-018-35667-y,Ancient DNA of Phoenician remains indicates discontinuity in the settlement history of Ibiza,2018,Scientific Reports,Pierre Zalloua,2018-11-28,False,True,False,1
10.1038/s41467-018-07483-5,Ancient Fennoscandian genomes reveal origin and spread of Siberian ancestry in Europe,2018,Nature Communications,Thiseas C. Lamnidis,2018-11-21,True,True,False,15
10.1126/sciadv.aau4921,The genetic prehistory of the Andean highlands 7000 years BP though European contact,2018,Science Advances,John Lindo,2018-11-08,True,True,False,7
10.1126/science.aav2621,Early human dispersals within the Americas,2018,Science,J. Víctor Moreno-Mayar,2018-11-08,True,True,False,17
10.1016/j.cell.2018.10.027,Reconstructing the Deep Population History of Central and South America,2018,Cell,Cosimo Posth,2018-11-08,True,True,False,51
10.1073/pnas.1813608115,Bronze Age population dynamics and the rise of dairy pastoralism on the eastern Eurasian steppe,2018,Proceedings of the National Academy of Sciences,Choongwon Jeong,2018-11-05,True,True,False,20
10.1126/sciadv.aat4457,Ancient genomes suggest the eastern Pontic-Caspian steppe as the source of western Iron Age nomads,2018,Science Advances,Maja Krzewińska,2018-10-04,True,True,False,35
10.1038/s41598-018-33067-w,A genomic Neolithic time transect of hunter-farmer admixture in central Poland,2018,Scientific Reports,D. M. Fernandes,2018-10-01,True,True,False,17
10.1126/sciadv.aao1262,Ancient genome-wide analyses infer kinship structure in an Early Medieval Alemannic graveyard,2018,Science Advances,Niall O’Sullivan,2018-09-05,False,True,False,12
10.1038/s41467-018-06024-4,Understanding 6th-century barbarian social organization and migration through paleogenomics,2018,Nature Communications,Carlos Eduardo G. Amorim,2018-08-28,True,True,False,63
10.1016/j.cub.2018.06.053,Genomic and Strontium Isotope Variation Reveal Immigration Patterns in a Viking Age Town,2018,Current Biology,Maja Krzewińska,2018-08-23,True,True,True,23
10.1038/s41586-018-0455-x,The genome of the offspring of a Neanderthal mother and a Denisovan father,2018,Nature,Viviane Slon,2018-08-21,True,True,False,1
10.1038/s41467-018-05649-9,Ancient DNA from Chalcolithic Israel reveals the role of population mixture in cultural transformation,2018,Nature Communications,Éadaoin Harney,2018-08-14,True,True,False,22
10.1126/science.aat3628,The prehistoric peopling of Southeast Asia,2018,Science,Hugh McColl,2018-07-05,True,True,False,26
10.1073/pnas.1800851115,Ancient genomes from North Africa evidence prehistoric migrations to the Maghreb from both the Levant and Europe,2018,Proceedings of the National Academy of Sciences,Rosa Fregel,2018-06-12,True,True,False,12
10.1126/science.aar6851,Ancient human parallel lineages within North America contributed to a coastal expansion,2018,Science,C. L. Scheib,2018-06-04,True,True,False,75
10.1126/science.aar2625,Ancient genomes from Iceland reveal the making of a human population,2018,Science,S. Sunna Ebenesersdóttir,2018-06-04,True,True,False,27
10.1126/science.aat3188,Ancient genomes document multiple waves of migration in Southeast Asian prehistory,2018,Science,Mark Lipson,2018-05-17,True,True,False,25
10.1126/science.aar7711,The first horse herders and the impact of early Bronze Age steppe expansions into Asia,2018,Science,Peter de Barros Damgaard,2018-05-09,True,True,False,70
10.1038/s41586-018-0094-2,137 ancient human genomes from across the Eurasian steppes,2018,Nature,Peter de Barros Damgaard,2018-05-08,True,True,False,137
10.1073/pnas.1715688115,Genomic insights into the origin and diversification of late maritime hunter-gatherers from the Chilean Patagonia,2018,Proceedings of the National Academy of Sciences,Constanza de la Fuente,2018-04-09,True,True,False,4
10.1038/nature26151,Reconstructing the genetic history of late Neanderthals,2018,Nature,Mateja Hajdinjak,2018-03-20,True,True,False,6
10.1126/science.aar8380,Pleistocene North African genomes link Near Eastern and sub-Saharan African human populations,2018,Science,Marieke van de Loosdrecht,2018-03-15,True,True,False,8
10.1073/pnas.1717762115,Four millennia of Iberian biomolecular prehistory illustrate the impact of prehistoric migrations at the far end of Eurasia,2018,Proceedings of the National Academy of Sciences,Cristina Valdiosera,2018-03-12,True,True,False,11
10.1073/pnas.1719880115,Population genomic analysis of elongated skulls reveals extensive female-biased immigration in Early Medieval Bavaria,2018,Proceedings of the National Academy of Sciences,Krishna R. Veeramah,2018-03-12,True,True,False,41
10.1016/j.cub.2018.02.051,Population Turnover in Remote Oceania Shortly after Initial Settlement,2018,Current Biology,Mark Lipson,2018-02-28,True,True,False,22
10.1038/s41559-018-0498-2,Language continuity despite population replacement in Remote Oceania,2018,Nature Ecology &amp; Evolution,Cosimo Posth,2018-02-26,True,True,False,19
10.1038/nature25738,The Beaker phenomenon and the genomic transformation of northwest Europe,2018,Nature,Iñigo Olalde,2018-02-21,True,True,False,398
10.1038/nature25778,The genomic history of southeastern Europe,2018,Nature,Iain Mathieson,2018-02-21,True,True,False,226
10.1073/pnas.1716839115,Origins and genetic legacies of the Caribbean Taino,2018,Proceedings of the National Academy of Sciences,Hannes Schroeder,2018-02-20,True,True,False,1
10.1038/s41467-018-02825-9,The genetic prehistory of the Baltic Sea region,2018,Nature Communications,Alissa Mittnik,2018-01-24,True,True,False,39
10.1371/journal.pbio.2003703,Population genomics of Mesolithic Scandinavia: Investigating early postglacial migration routes and high-latitude adaptation,2018,PLOS Biology,Torsten Günther,2018-01-09,True,True,False,7
10.1038/nature25173,Terminal Pleistocene Alaskan genome reveals first founding population of Native Americans,2018,Nature,J. Víctor Moreno-Mayar,2018-01-02,True,True,False,2
10.1038/nature24476,Parallel palaeogenomic transects reveal complex genetic history of early European farmers,2017,Nature,Mark Lipson,2017-11-07,True,True,False,138
10.1016/j.cub.2017.09.059,Genomic Analyses of Pre-European Conquest Human Remains from the Canary Islands Reveal Close Affinity to Modern North Africans,2017,Current Biology,Ricardo Rodríguez-Varela,2017-10-26,True,True,False,5
10.1080/00758914.2017.1368204,"A Late Bronze Age II clay coffin from Tel Shaddud in the Central Jezreel Valley, Israel: context and historical implications",2017,Levant,Edwin C. M. van den Brink,2017-10-17,True,True,False,2
10.1016/j.cub.2017.09.030,"40,000-Year-Old Individual from Asia Provides Insight into Early Population Structure in Eurasia",2017,Current Biology,Melinda A. Yang,2017-10-13,True,True,False,1
10.1126/science.aao1807,Ancient genomes show social and reproductive behavior of early Upper Paleolithic foragers,2017,Science,Martin Sikora,2017-10-06,True,True,False,7
10.1126/science.aao1887,A high-coverage Neandertal genome from Vindija Cave in Croatia,2017,Science,Kay Prüfer,2017-10-06,True,True,False,5
10.1126/science.aao6266,"Southern African ancient genomes estimate modern human divergence to 350,000 to 260,000 years ago",2017,Science,Carina M. Schlebusch,2017-09-30,True,True,False,7
10.1016/j.cell.2017.08.049,Reconstructing Prehistoric African Population Structure,2017,Cell,Pontus Skoglund,2017-09-21,True,True,False,25
10.1002/ajpa.23312,Testing support for the northern and southern dispersal routes out of Africa: an analysis of Levantine and southern Arabian populations,2017,American Journal of Physical Anthropology,Deven N. Vyas,2017-09-15,True,True,False,0
10.1038/nature23310,Genetic origins of the Minoans and Mycenaeans,2017,Nature,Iosif Lazaridis,2017-08-01,True,True,False,20
10.1016/j.ajhg.2017.06.013,Continuity and Admixture in the Last Five Millennia of Levantine History from Ancient Canaanite and Present-Day Lebanese Genome Sequences,2017,The American Journal of Human Genetics,Marc Haber,2017-07-27,True,True,False,5
10.1371/journal.pgen.1006852,The population genomics of archaeological transition in west Iberia: Investigation of ancient substructure using imputation and haplotype-based methods,2017,PLOS Genetics,Rui Martiniano,2017-07-27,True,True,False,14
10.1016/j.cub.2017.06.022,Extensive Farming in Estonia Started through a Sex-Biased Migration from the Steppe,2017,Current Biology,Lehti Saag,2017-07-14,True,True,False,7
10.1038/ncomms15694,Ancient Egyptian mummy genomes suggest an increase of Sub-Saharan African ancestry in post-Roman periods,2017,Nature Communications,Verena J. Schuenemann,2017-05-30,True,True,False,3
10.1016/j.cub.2017.05.023,Paleogenomic Evidence for Multi-generational Mixing between Neolithic Farmers and Mesolithic Hunter-Gatherers in the Lower Danube Basin,2017,Current Biology,Gloria González-Fortes,2017-05-25,True,True,False,6
10.1073/pnas.1620410114,"Ancient individuals from the North American Northwest Coast reveal 10,000 years of regional genetic continuity",2017,Proceedings of the National Academy of Sciences,John Lindo,2017-04-05,True,True,False,1
10.1038/ncomms14615,Ancestry and demography and descendants of Iron Age nomads of the Eurasian Steppe,2017,Nature Communications,Martina Unterländer,2017-03-03,True,True,False,8
10.1038/ncomms14115,Archaeogenomic evidence reveals prehistoric matrilineal dynasty,2017,Nature Communications,Douglas J. Kennett,2017-02-21,True,True,False,5
10.1016/j.cub.2016.12.060,The Neolithic Transition in the Baltic Was Not Driven by Admixture with Early European Farmers,2017,Current Biology,Eppie R. Jones,2017-02-03,True,True,False,8
10.1038/nature19844,Genomic insights into the peopling of the Southwest Pacific,2016,Nature,Pontus Skoglund,2016-09-30,True,True,False,4
10.1038/nature18964,The Simons Genome Diversity Project: 300 genomes from 142 diverse populations,2016,Nature,Swapan Mallick,2016-09-20,True,True,False,0
10.1038/jhg.2016.110,"A partial nuclear genome of the Jomons who lived 3000 years ago in Fukushima, Japan",2017,Journal of Human Genetics,Hideaki Kanzawa-Kiriyama,2016-09-01,True,True,False,5
10.1016/j.cub.2016.07.057,The Demographic Development of the First Farmers in Anatolia,2016,Current Biology,Gülşah Merve Kılınç,2016-08-05,True,True,False,9
10.1038/nature19310,Genomic insights into the origin of farming in the ancient Near East,2016,Nature,Iosif Lazaridis,2016-07-26,True,True,False,41
10.1038/ng.3621,Genomic analysis of Andamanese provides insights into ancient human migration into Asia and adaptation,2016,Nature Genetics,Mayukh Mondal,2016-07-25,True,True,False,0
10.1126/science.aaf7943,Early Neolithic genomes from the eastern Fertile Crescent,2016,Science,Farnaz Broushaki,2016-07-15,True,True,False,5
10.1073/pnas.1520844113,Long-term genetic stability and a high-altitude East Asian origin for the peoples of the high valleys of the Himalayan arc,2016,Proceedings of the National Academy of Sciences,Choongwon Jeong,2016-06-21,True,True,False,8
10.1073/pnas.1523951113,Early farmers from across Europe directly descended from Neolithic Aegeans,2016,Proceedings of the National Academy of Sciences,Zuzana Hofmanová,2016-06-07,True,True,False,5
10.1038/nature17993,The genetic history of Ice Age Europe,2016,Nature,Qiaomei Fu,2016-04-29,True,True,False,40
10.1126/science.aae0344,Long-read sequence assembly of the gorilla genome,2016,Science,David Gordon,2016-03-31,True,False,False,0
10.1038/ncomms10326,Genomic signals of migration and continuity in Britain before the Anglo-Saxons,2016,Nature Communications,Rui Martiniano,2016-01-19,True,True,False,9
10.1038/ncomms10408,Iron Age and Anglo-Saxon genomes from East England reveal British migration history,2016,Nature Communications,Stephan Schiffels,2016-01-19,True,True,False,10
10.1016/j.cub.2015.12.019,Genomic Evidence Establishes Anatolia as the Source of the European Neolithic Gene Pool,2016,Current Biology,Ayça Omrak,2015-12-31,True,True,False,2
10.1073/pnas.1518445113,Neolithic and Bronze Age migration to Ireland and establishment of the insular Atlantic genome,2016,Proceedings of the National Academy of Sciences,Lara M. Cassidy,2015-12-29,True,True,False,4
10.1038/nature16152,Genome-wide patterns of selection in 230 ancient Eurasians,2015,Nature,Iain Mathieson,2015-11-24,True,True,False,142
10.1038/ncomms9912,Upper Palaeolithic genomes reveal deep roots of modern Eurasians,2015,Nature Communications,Eppie R. Jones,2015-11-16,True,True,False,3
10.1126/science.aad2879,Ancient Ethiopian genome reveals extensive Eurasian admixture in Eastern Africa,2015,Science,M. Gallego Llorente,2015-10-09,True,True,False,1
10.1038/nature15393,A global reference for human genetic variation,2015,Nature, ,2015-09-29,True,True,False,0
10.1073/pnas.1509851112,Ancient genomes link early farmers from Atapuerca in Spain to modern-day Basques,2015,Proceedings of the National Academy of Sciences,Torsten Günther,2015-09-09,True,True,False,5
10.1093/molbev/msv181,A Common Genetic Origin for Early Farmers from Mediterranean Cardial and Central European LBK Cultures,2015,Molecular Biology and Evolution,Iñigo Olalde,2015-09-03,True,True,False,1
10.1126/science.aab3884,Genomic evidence for the Pleistocene and recent population history of Native Americans,2015,Science,Maanasa Raghavan,2015-07-22,True,True,False,23
10.1038/nature14895,Genetic evidence for two founding populations of the Americas,2015,Nature,Pontus Skoglund,2015-07-21,True,True,False,0
10.1038/nature14558,An early modern human from Romania with a recent Neanderthal ancestor,2015,Nature,Qiaomei Fu,2015-06-22,True,True,False,1
10.1038/nature14625,The ancestry and affiliations of Kennewick Man,2015,Nature,Morten Rasmussen,2015-06-18,True,True,False,1
10.1038/nature14507,Population genomics of Bronze Age Eurasia,2015,Nature,Morten E. Allentoft,2015-06-09,True,True,False,98
10.1073/pnas.1421784112,Genome-wide ancestry of 17th-century enslaved Africans from the Caribbean,2015,Proceedings of the National Academy of Sciences,Hannes Schroeder,2015-03-10,False,True,False,3
10.1038/nature14317,Massive migration from the steppe was a source for Indo-European languages in Europe,2015,Nature,Wolfgang Haak,2015-03-03,True,True,False,69
10.1126/science.aaa0114,"Genomic structure in Europeans dating back at least 36,200 years",2014,Science,Andaine Seguin-Orlando,2014-11-07,True,True,False,1
10.1016/j.cub.2014.09.078,Two ancient human genomes reveal Polynesian ancestry among the indigenous Botocudos of Brazil,2014,Current Biology,Anna-Sapfo Malaspinas,2014-10-24,True,True,False,2
10.1038/nature13810,"Genome sequence of a 45,000-year-old modern human from western Siberia",2014,Nature,Qiaomei Fu,2014-10-21,True,True,False,1
10.1038/ncomms6257,Genome flux and stasis in a five millennium transect of European prehistory,2014,Nature Communications,Cristina Gamba,2014-10-21,True,True,False,13
10.1038/nature13673,Ancient human genomes suggest three ancestral populations for present-day Europeans,2014,Nature,Iosif Lazaridis,2014-09-17,True,True,False,3
10.1126/science.1255832,The genetic prehistory of the New World Arctic,2014,Science,Maanasa Raghavan,2014-08-28,True,True,False,4
10.1126/science.1253448,Genomic Diversity and Admixture Differs for Stone-Age Scandinavian Foragers and Farmers,2014,Science,Pontus Skoglund,2014-04-25,True,True,False,11
10.1038/nature13025,The genome of a Late Pleistocene human from a Clovis burial site in western Montana,2014,Nature,Morten Rasmussen,2014-02-11,True,True,False,1
10.1038/nature12960,"Derived immune and ancestral pigmentation alleles in a 7,000-year-old Mesolithic European",2014,Nature,Iñigo Olalde,2014-01-24,True,True,False,1
10.1038/nature12886,The complete genome sequence of a Neanderthal from the Altai Mountains,2014,Nature,Kay Prüfer,2013-12-18,True,True,False,1
10.1038/nature12736,Upper Palaeolithic Siberian genome reveals dual ancestry of Native Americans,2014,Nature,Maanasa Raghavan,2013-11-19,True,True,False,2
10.1038/ncomms2140,The genetic prehistory of southern Africa,2012,Nature Communications,Joseph K. Pickrell,2012-10-16,True,True,False,0
10.1534/genetics.112.145037,Ancient Admixture in Human History,2012,Genetics,Nick Patterson,2012-09-08,True,True,False,0
10.1126/science.1224344,A High-Coverage Genome Sequence from an Archaic Denisovan Individual,2012,Science,Matthias Meyer,2012-09-01,True,True,False,1
10.1038/ncomms1701,New insights into the Tyrolean Iceman's origin and phenotype as inferred by whole-genome sequencing,2012,Nature Communications,Andreas Keller,2012-02-28,True,True,False,1
10.1371/journal.pbio.1001091,Modernizing Reference Genome Assemblies,2011,PLoS Biology,Deanna M. Church,2011-07-05,True,False,False,0
10.1038/nature09710,Genetic history of an archaic hominin group from Denisova Cave in Siberia,2010,Nature,David Reich,2010-12-21,False,True,False,1
10.1126/science.1188021,A Draft Sequence of the Neandertal Genome,2010,Science,Richard E. Green,2010-05-06,False,True,False,3
10.1038/nature08835,Ancient human genome sequence of an extinct Palaeo-Eskimo,2010,Nature,Morten Rasmussen,2010-02-09,True,True,False,1
10.1126/science.1153717,Worldwide Human Relationships Inferred from Genome-Wide Patterns of Variation,2008,Science,Jun Z. Li,2008-02-21,False,True,False,0
10.1038/nature06742,"Genotype, haplotype and copy-number variation in worldwide human populations",2008,Nature,Mattias Jakobsson,2008-02-20,False,True,False,0
10.1038/nature04072,Initial sequence of the chimpanzee genome and comparison with the human genome,2005,Nature,Chimpanzee Sequencing and Analysis Consortium,2005-09-01,True,False,False,0
